SNP,A1,A2,EAF,beta,se,p,units
rs2787120,A,G,0.83,0.00778398,0.00137756,0.00000002,per category
rs12140153,G,T,0.9,0.01658,0.00179639,2.80E-20,per category
rs17131124,C,G,0.91,-0.0111768,0.00183679,1.70E-09,per category
rs57746981,C,T,0.64,0.00680998,0.00107584,2.20E-10,per category
rs825127,T,G,0.53,0.00591296,0.00103275,9.50E-09,per category
rs4665972,T,C,0.39,0.0066245,0.00105853,3.90E-10,per category
rs7598712,G,T,0.56,0.00579387,0.00104191,0.000000022,per category
rs6741951,G,A,0.71,0.00681617,0.00114107,2.70E-09,per category
rs11123962,T,G,0.55,-0.00804433,0.00103439,7.50E-15,per category
rs9712275,C,T,0.49,-0.00588405,0.0010319,0.000000013,per category
rs7607363,A,G,0.56,-0.0060244,0.00103841,0.000000008,per category
rs13010456,A,G,0.6,0.00774142,0.00105125,2.10E-13,per category
rs13097760,A,C,0.64,-0.00598755,0.00107776,0.000000032,per category
rs34478464,C,T,0.81,-0.00858848,0.00130506,5.80E-11,per category
rs960986,C,T,0.64,0.00716034,0.00106799,1.50E-11,per category
rs843372,C,T,0.23,0.00816368,0.00122597,2.20E-11,per category
rs11942333,G,A,0.68,-0.00605348,0.00110327,0.000000038,per category
rs13135092,A,G,0.92,-0.0103303,0.0018774,0.000000031,per category
rs6897863,A,C,0.58,0.00645716,0.00104732,7.60E-10,per category
rs12153518,A,C,0.47,0.00670287,0.00103166,6.80E-11,per category
rs6923811,T,C,0.68,0.00677376,0.00110514,9.10E-10,per category
rs55960940,T,C,0.82,0.00762668,0.00135164,0.00000002,per category
rs3122170,C,A,0.23,0.00950345,0.00122688,5.60E-15,per category
rs62519825,T,C,0.89,-0.0094794,0.00162829,3.80E-09,per category
rs285793,G,A,0.46,0.00676457,0.00103539,7.90E-11,per category
rs7837226,A,G,0.47,-0.00574201,0.00103269,0.00000002,per category
rs55818482,T,C,0.79,-0.00973113,0.00125942,1.40E-14,per category
rs1566362,T,C,0.63,0.00631993,0.0010687,3.80E-09,per category
rs7476897,G,A,0.68,0.00743007,0.00110192,2.70E-11,per category
rs4765939,G,C,0.58,-0.00627707,0.00104601,0.000000002,per category
rs1846644,T,C,0.59,-0.0113546,0.00104777,2.50E-27,per category
rs8015449,A,G,0.54,0.00619154,0.00103462,1.90E-09,per category
rs17356118,A,G,0.77,-0.00765559,0.00122087,2.60E-10,per category
rs886114,C,T,0.36,0.00604278,0.00107429,0.000000019,per category
rs11078398,G,A,0.74,0.00766031,0.00124122,7.10E-10,per category
rs62066119,C,T,0.75,0.00831345,0.00121332,7.30E-12,per category
rs2048522,A,T,0.57,0.00581823,0.00105065,0.000000035,per category