,SNP,A1,A2,EAF,beta,se,p,units,ncase.exposure,ncontrol.exposure,n
1,rs6737318,G,A,0.222,0.076034686,0.010151045,3.40E-13,log odds,34184,305742,339926
2,rs75458655,T,C,0.023,0.184818437,0.026095365,5.40E-12,log odds,34184,305742,339926
3,rs17688916,T,A,0.796,0.071389996,0.010236542,1.10E-11,log odds,34184,305742,339926
4,rs17817288,A,G,0.518,0.039220713,0.006682682,8.90E-09,log odds,34184,305742,339926
5,rs549961083,T,C,0.001,0.533565111,0.091122451,9.60E-09,log odds,34184,305742,339926
6,rs3751046,G,A,0.147,0.069526063,0.012148895,2.00E-08,log odds,34184,305742,339926
7,rs7534398,A,T,0.201,0.046883586,0.008205155,2.10E-08,log odds,34184,305742,339926
8,rs10899257,A,G,0.144,0.067658648,0.01214917,4.60E-08,log odds,34184,305742,339926