SNP,A1,A2,EAF,beta,se,p,units,ncase.exposure,ncontrol.exposure,n
rs2863957,C,A,0.782,0.054,0.007299181,2.60E-18,log odds,106192,305742,411934
rs13107325,T,C,0.075,0.075,0.011003421,2.50E-13,log odds,106192,305742,411934
rs1229762,T,C,0.665,0.037,0.00643019,1.10E-12,log odds,106192,305742,411934
rs1380703,G,A,0.384,0.035,0.005944192,1.60E-11,log odds,106192,305742,411934
rs12963463,C,T,0.299,0.029,0.00648679,1.90E-11,log odds,106192,305742,411934
rs75539574,A,C,0.915,0.045,0.010845326,8.40E-11,log odds,106192,305742,411934
rs17388803,C,A,0.106,0.053,0.009774323,6.50E-10,log odds,106192,305742,411934
rs4585442,G,A,0.311,0.031,0.005973189,8.10E-10,log odds,106192,305742,411934
rs1607227,G,T,0.705,0.031,0.006474126,1.50E-09,log odds,106192,305742,411934
rs2820313,G,A,0.341,0.031,0.005973189,2.30E-09,log odds,106192,305742,411934
rs17005118,A,G,0.265,0.03,0.006480452,2.50E-09,log odds,106192,305742,411934
rs5757675,G,T,0.26,0.034,0.006948412,2.70E-09,log odds,106192,305742,411934
rs12567114,G,A,0.725,0.036,0.00643643,4.10E-09,log odds,106192,305742,411934
rs142180737,C,T,0.009,0.154,0.031559782,4.40E-09,log odds,106192,305742,411934
rs2186122,T,A,0.562,0.024,0.006014263,4.80E-09,log odds,106192,305742,411934
rs11763750,G,A,0.814,0.035,0.00794108,5.10E-09,log odds,106192,305742,411934
rs12518468,C,T,0.328,0.031,0.006467813,8.50E-09,log odds,106192,305742,411934
rs9367621,T,A,0.431,0.024,0.005510358,0.000000016,log odds,106192,305742,411934
rs3776864,A,C,0.667,0.031,0.006467813,0.000000017,log odds,106192,305742,411934
rs60882754,A,T,0.939,0.055,0.012212265,0.000000018,log odds,106192,305742,411934
rs59779556,T,G,0.554,0.025,0.006008361,0.00000002,log odds,106192,305742,411934
rs2014830,C,T,0.698,0.03,0.006480452,0.000000027,log odds,106192,305742,411934
rs205024,C,T,0.617,0.031,0.006474126,0.000000027,log odds,106192,305742,411934
rs12661667,T,C,0.263,0.028,0.00649314,0.000000028,log odds,106192,305742,411934
rs7939345,T,G,0.208,0.035,0.007441125,0.00000004,log odds,106192,305742,411934
rs9321171,C,T,0.54,0.031,0.005967367,0.000000042,log odds,106192,305742,411934
rs7524118,C,T,0.708,0.03,0.006480452,0.000000049,log odds,106192,305742,411934